"date","group","prop","category","year","quarter","plot"
"2011 Q1",NA,0.0431460522025295,"Trad - reg","2011","1","by-type"
"2011 Q2",NA,0.043292428236214,"Trad - reg","2011","2","by-type"
"2011 Q3",NA,0.0435039517810824,"Trad - reg","2011","3","by-type"
"2011 Q4",NA,0.0437045463705247,"Trad - reg","2011","4","by-type"
"2012 Q1",NA,0.0438914133697249,"Trad - reg","2012","1","by-type"
"2012 Q2",NA,0.0441307492020257,"Trad - reg","2012","2","by-type"
"2012 Q3",NA,0.0443007064028119,"Trad - reg","2012","3","by-type"
"2012 Q4",NA,0.044513457382052,"Trad - reg","2012","4","by-type"
"2013 Q1",NA,0.0448921202124275,"Trad - reg","2013","1","by-type"
"2013 Q2",NA,0.0450438447918707,"Trad - reg","2013","2","by-type"
"2013 Q3",NA,0.0454023548555081,"Trad - reg","2013","3","by-type"
"2013 Q4",NA,0.0460350120091836,"Trad - reg","2013","4","by-type"
"2014 Q1",NA,0.0467854079789053,"Trad - reg","2014","1","by-type"
"2014 Q2",NA,0.0469788197761592,"Trad - reg","2014","2","by-type"
"2014 Q3",NA,0.0472096457945709,"Trad - reg","2014","3","by-type"
"2014 Q4",NA,0.0475906144578774,"Trad - reg","2014","4","by-type"
"2015 Q1",NA,0.048035421441437,"Trad - reg","2015","1","by-type"
"2015 Q2",NA,0.048476223051703,"Trad - reg","2015","2","by-type"
"2015 Q3",NA,0.0485735810337696,"Trad - reg","2015","3","by-type"
"2015 Q4",NA,0.0490142588178497,"Trad - reg","2015","4","by-type"
"2016 Q1",NA,0.0496807253001442,"Trad - reg","2016","1","by-type"
"2016 Q2",NA,0.0501911865867047,"Trad - reg","2016","2","by-type"
"2016 Q3",NA,0.0508158431299492,"Trad - reg","2016","3","by-type"
"2016 Q4",NA,0.0516731440602768,"Trad - reg","2016","4","by-type"
"2017 Q1",NA,0.0529751184573228,"Trad - reg","2017","1","by-type"
"2017 Q2",NA,0.0539253105035248,"Trad - reg","2017","2","by-type"
"2017 Q3",NA,0.054811206379559,"Trad - reg","2017","3","by-type"
"2017 Q4",NA,0.0558187029001893,"Trad - reg","2017","4","by-type"
"2018 Q1",NA,0.0576488757365465,"Trad - reg","2018","1","by-type"
"2018 Q2",NA,0.060109383872697,"Trad - reg","2018","2","by-type"
"2018 Q3",NA,0.0620936232650496,"Trad - reg","2018","3","by-type"
"2018 Q4",NA,0.0666575246685194,"Trad - reg","2018","4","by-type"
"2019 Q1",NA,0.0712790360317253,"Trad - reg","2019","1","by-type"
"2019 Q2",NA,0.0748260113619303,"Trad - reg","2019","2","by-type"
"2019 Q3",NA,0.0783517643159487,"Trad - reg","2019","3","by-type"
"2019 Q4",NA,0.0830026849832058,"Trad - reg","2019","4","by-type"
"2011 Q1",NA,0.255521391337898,"Non - trad","2011","1","by-type"
"2011 Q2",NA,0.216945758683582,"Non - trad","2011","2","by-type"
"2011 Q3",NA,0.206533467891283,"Non - trad","2011","3","by-type"
"2011 Q4",NA,0.18510467572305,"Non - trad","2011","4","by-type"
"2012 Q1",NA,0.177339347522848,"Non - trad","2012","1","by-type"
"2012 Q2",NA,0.181696900014119,"Non - trad","2012","2","by-type"
"2012 Q3",NA,0.163712473232962,"Non - trad","2012","3","by-type"
"2012 Q4",NA,0.193123031693979,"Non - trad","2012","4","by-type"
"2013 Q1",NA,0.194469574657476,"Non - trad","2013","1","by-type"
"2013 Q2",NA,0.214314818054216,"Non - trad","2013","2","by-type"
"2013 Q3",NA,0.214370943016891,"Non - trad","2013","3","by-type"
"2013 Q4",NA,0.217052340478346,"Non - trad","2013","4","by-type"
"2014 Q1",NA,0.21200080176339,"Non - trad","2014","1","by-type"
"2014 Q2",NA,0.223646689142798,"Non - trad","2014","2","by-type"
"2014 Q3",NA,0.231481409971454,"Non - trad","2014","3","by-type"
"2014 Q4",NA,0.24136460759909,"Non - trad","2014","4","by-type"
"2015 Q1",NA,0.237315633965959,"Non - trad","2015","1","by-type"
"2015 Q2",NA,0.232267983858375,"Non - trad","2015","2","by-type"
"2015 Q3",NA,0.228438674037462,"Non - trad","2015","3","by-type"
"2015 Q4",NA,0.243869685567591,"Non - trad","2015","4","by-type"
"2016 Q1",NA,0.245140864017278,"Non - trad","2016","1","by-type"
"2016 Q2",NA,0.241950524976179,"Non - trad","2016","2","by-type"
"2016 Q3",NA,0.242335780271806,"Non - trad","2016","3","by-type"
"2016 Q4",NA,0.24408017362396,"Non - trad","2016","4","by-type"
"2017 Q1",NA,0.24671081771908,"Non - trad","2017","1","by-type"
"2017 Q2",NA,0.26153540882482,"Non - trad","2017","2","by-type"
"2017 Q3",NA,0.2664529791447,"Non - trad","2017","3","by-type"
"2017 Q4",NA,0.273725624376749,"Non - trad","2017","4","by-type"
"2018 Q1",NA,0.295398408621741,"Non - trad","2018","1","by-type"
"2018 Q2",NA,0.301341890198974,"Non - trad","2018","2","by-type"
"2018 Q3",NA,0.314908703228903,"Non - trad","2018","3","by-type"
"2018 Q4",NA,0.338227639597814,"Non - trad","2018","4","by-type"
"2019 Q1",NA,0.37405893349973,"Non - trad","2019","1","by-type"
"2019 Q2",NA,0.397064061372404,"Non - trad","2019","2","by-type"
"2019 Q3",NA,0.424811445259783,"Non - trad","2019","3","by-type"
"2019 Q4",NA,0.446615206026103,"Non - trad","2019","4","by-type"
"2011 Q1",NA,0.0507376470811711,"Trad - com - inc","2011","1","by-type"
"2011 Q2",NA,0.0501899870200525,"Trad - com - inc","2011","2","by-type"
"2011 Q3",NA,0.0495675260891292,"Trad - com - inc","2011","3","by-type"
"2011 Q4",NA,0.0493513513821305,"Trad - com - inc","2011","4","by-type"
"2012 Q1",NA,0.0491375620913198,"Trad - com - inc","2012","1","by-type"
"2012 Q2",NA,0.0487934372330312,"Trad - com - inc","2012","2","by-type"
"2012 Q3",NA,0.0484466509568886,"Trad - com - inc","2012","3","by-type"
"2012 Q4",NA,0.0489073569940752,"Trad - com - inc","2012","4","by-type"
"2013 Q1",NA,0.0495580334760022,"Trad - com - inc","2013","1","by-type"
"2013 Q2",NA,0.0504416997354228,"Trad - com - inc","2013","2","by-type"
"2013 Q3",NA,0.0505024322561928,"Trad - com - inc","2013","3","by-type"
"2013 Q4",NA,0.0511330384810952,"Trad - com - inc","2013","4","by-type"
"2014 Q1",NA,0.0535361366067749,"Trad - com - inc","2014","1","by-type"
"2014 Q2",NA,0.0555447551163328,"Trad - com - inc","2014","2","by-type"
"2014 Q3",NA,0.0565932938724781,"Trad - com - inc","2014","3","by-type"
"2014 Q4",NA,0.0585638904912809,"Trad - com - inc","2014","4","by-type"
"2015 Q1",NA,0.0607041931597286,"Trad - com - inc","2015","1","by-type"
"2015 Q2",NA,0.0628201308892033,"Trad - com - inc","2015","2","by-type"
"2015 Q3",NA,0.0684557037736499,"Trad - com - inc","2015","3","by-type"
"2015 Q4",NA,0.0785036492628256,"Trad - com - inc","2015","4","by-type"
"2016 Q1",NA,0.0877835634046479,"Trad - com - inc","2016","1","by-type"
"2016 Q2",NA,0.0942001325237279,"Trad - com - inc","2016","2","by-type"
"2016 Q3",NA,0.0983101898032203,"Trad - com - inc","2016","3","by-type"
"2016 Q4",NA,0.106290298326817,"Trad - com - inc","2016","4","by-type"
"2017 Q1",NA,0.120201207356344,"Trad - com - inc","2017","1","by-type"
"2017 Q2",NA,0.133989587881638,"Trad - com - inc","2017","2","by-type"
"2017 Q3",NA,0.156988051865982,"Trad - com - inc","2017","3","by-type"
"2017 Q4",NA,0.184032917361587,"Trad - com - inc","2017","4","by-type"
"2018 Q1",NA,0.213571405347789,"Trad - com - inc","2018","1","by-type"
"2018 Q2",NA,0.248244397205982,"Trad - com - inc","2018","2","by-type"
"2018 Q3",NA,0.283520475416762,"Trad - com - inc","2018","3","by-type"
"2018 Q4",NA,0.338048288716893,"Trad - com - inc","2018","4","by-type"
"2019 Q1",NA,0.385032061979517,"Trad - com - inc","2019","1","by-type"
"2019 Q2",NA,0.431991988498374,"Trad - com - inc","2019","2","by-type"
"2019 Q3",NA,0.449639160433877,"Trad - com - inc","2019","3","by-type"
"2019 Q4",NA,0.48832918897422,"Trad - com - inc","2019","4","by-type"
"2011 Q1",NA,0.0418454181025389,"Trad - com - non - inc","2011","1","by-type"
"2011 Q2",NA,0.0423729361834274,"Trad - com - non - inc","2011","2","by-type"
"2011 Q3",NA,0.0427132400183085,"Trad - com - non - inc","2011","3","by-type"
"2011 Q4",NA,0.0433988415729531,"Trad - com - non - inc","2011","4","by-type"
"2012 Q1",NA,0.045294465793712,"Trad - com - non - inc","2012","1","by-type"
"2012 Q2",NA,0.046665734544691,"Trad - com - non - inc","2012","2","by-type"
"2012 Q3",NA,0.0470260400362981,"Trad - com - non - inc","2012","3","by-type"
"2012 Q4",NA,0.0470952886598638,"Trad - com - non - inc","2012","4","by-type"
"2013 Q1",NA,0.0474115726636458,"Trad - com - non - inc","2013","1","by-type"
"2013 Q2",NA,0.0463542613207948,"Trad - com - non - inc","2013","2","by-type"
"2013 Q3",NA,0.0471843465179208,"Trad - com - non - inc","2013","3","by-type"
"2013 Q4",NA,0.0479580325204649,"Trad - com - non - inc","2013","4","by-type"
"2014 Q1",NA,0.051065557738108,"Trad - com - non - inc","2014","1","by-type"
"2014 Q2",NA,0.0574112011923412,"Trad - com - non - inc","2014","2","by-type"
"2014 Q3",NA,0.0620548763450126,"Trad - com - non - inc","2014","3","by-type"
"2014 Q4",NA,0.0669039535080857,"Trad - com - non - inc","2014","4","by-type"
"2015 Q1",NA,0.0728332774849013,"Trad - com - non - inc","2015","1","by-type"
"2015 Q2",NA,0.079651358305728,"Trad - com - non - inc","2015","2","by-type"
"2015 Q3",NA,0.082836947676988,"Trad - com - non - inc","2015","3","by-type"
"2015 Q4",NA,0.0889929742388759,"Trad - com - non - inc","2015","4","by-type"
"2016 Q1",NA,0.0944325748457651,"Trad - com - non - inc","2016","1","by-type"
"2016 Q2",NA,0.097682177523797,"Trad - com - non - inc","2016","2","by-type"
"2016 Q3",NA,0.10322413199811,"Trad - com - non - inc","2016","3","by-type"
"2016 Q4",NA,0.112417347225643,"Trad - com - non - inc","2016","4","by-type"
"2017 Q1",NA,0.125631200805366,"Trad - com - non - inc","2017","1","by-type"
"2017 Q2",NA,0.136084367423637,"Trad - com - non - inc","2017","2","by-type"
"2017 Q3",NA,0.150855343008196,"Trad - com - non - inc","2017","3","by-type"
"2017 Q4",NA,0.169939073125796,"Trad - com - non - inc","2017","4","by-type"
"2018 Q1",NA,0.195474522488078,"Trad - com - non - inc","2018","1","by-type"
"2018 Q2",NA,0.228257875748969,"Trad - com - non - inc","2018","2","by-type"
"2018 Q3",NA,0.249523138575168,"Trad - com - non - inc","2018","3","by-type"
"2018 Q4",NA,0.29259579709432,"Trad - com - non - inc","2018","4","by-type"
"2019 Q1",NA,0.359714901011115,"Trad - com - non - inc","2019","1","by-type"
"2019 Q2",NA,0.428251848167088,"Trad - com - non - inc","2019","2","by-type"
"2019 Q3",NA,0.463564553912667,"Trad - com - non - inc","2019","3","by-type"
"2019 Q4",NA,0.527213249394188,"Trad - com - non - inc","2019","4","by-type"
"2011 Q1","EDP",0.0416274611069056,"Incumbent","2011","1","by-group"
"2011 Q1","ENDESA",0.0218765289240774,"Incumbent","2011","1","by-group"
"2011 Q1","IBERDROLA",0.06403782384724,"Incumbent","2011","1","by-group"
"2011 Q1","NATURGY",0.116688461184271,"Incumbent","2011","1","by-group"
"2011 Q1","REPSOL",0.0366951184919673,"Incumbent","2011","1","by-group"
"2011 Q2","EDP",0.0429649199259179,"Incumbent","2011","2","by-group"
"2011 Q2","ENDESA",0.0225547795599155,"Incumbent","2011","2","by-group"
"2011 Q2","IBERDROLA",0.0620880880232448,"Incumbent","2011","2","by-group"
"2011 Q2","NATURGY",0.110982439159292,"Incumbent","2011","2","by-group"
"2011 Q2","REPSOL",0.0341301957583795,"Incumbent","2011","2","by-group"
"2011 Q3","EDP",0.0431246478639844,"Incumbent","2011","3","by-group"
"2011 Q3","ENDESA",0.0226217889752502,"Incumbent","2011","3","by-group"
"2011 Q3","IBERDROLA",0.0609961953606417,"Incumbent","2011","3","by-group"
"2011 Q3","NATURGY",0.105339503597538,"Incumbent","2011","3","by-group"
"2011 Q3","REPSOL",0.0324767187420488,"Incumbent","2011","3","by-group"
"2011 Q4","EDP",0.0432694345627244,"Incumbent","2011","4","by-group"
"2011 Q4","ENDESA",0.0230763507581507,"Incumbent","2011","4","by-group"
"2011 Q4","IBERDROLA",0.060234987983769,"Incumbent","2011","4","by-group"
"2011 Q4","NATURGY",0.0990320529427004,"Incumbent","2011","4","by-group"
"2011 Q4","REPSOL",0.0317511984375925,"Incumbent","2011","4","by-group"
"2012 Q1","EDP",0.0435654815374409,"Incumbent","2012","1","by-group"
"2012 Q1","ENDESA",0.0238075433369831,"Incumbent","2012","1","by-group"
"2012 Q1","IBERDROLA",0.0593264882278526,"Incumbent","2012","1","by-group"
"2012 Q1","NATURGY",0.0938324626347446,"Incumbent","2012","1","by-group"
"2012 Q1","REPSOL",0.0321844990297381,"Incumbent","2012","1","by-group"
"2012 Q2","EDP",0.0433960568199781,"Incumbent","2012","2","by-group"
"2012 Q2","ENDESA",0.0247452284761803,"Incumbent","2012","2","by-group"
"2012 Q2","IBERDROLA",0.0581012778585798,"Incumbent","2012","2","by-group"
"2012 Q2","NATURGY",0.0902388862521753,"Incumbent","2012","2","by-group"
"2012 Q2","REPSOL",0.0364405681965373,"Incumbent","2012","2","by-group"
"2012 Q3","EDP",0.0439524524282187,"Incumbent","2012","3","by-group"
"2012 Q3","ENDESA",0.0252801707154204,"Incumbent","2012","3","by-group"
"2012 Q3","IBERDROLA",0.0570490687654627,"Incumbent","2012","3","by-group"
"2012 Q3","NATURGY",0.0883656547785473,"Incumbent","2012","3","by-group"
"2012 Q3","REPSOL",0.0379659343372007,"Incumbent","2012","3","by-group"
"2012 Q4","EDP",0.0488051249919483,"Incumbent","2012","4","by-group"
"2012 Q4","ENDESA",0.0266538455237614,"Incumbent","2012","4","by-group"
"2012 Q4","IBERDROLA",0.0564988631979184,"Incumbent","2012","4","by-group"
"2012 Q4","NATURGY",0.0865212062618843,"Incumbent","2012","4","by-group"
"2012 Q4","REPSOL",0.0410700470961875,"Incumbent","2012","4","by-group"
"2013 Q1","EDP",0.0504236655682745,"Incumbent","2013","1","by-group"
"2013 Q1","ENDESA",0.0288591562819825,"Incumbent","2013","1","by-group"
"2013 Q1","IBERDROLA",0.0561652996473284,"Incumbent","2013","1","by-group"
"2013 Q1","NATURGY",0.0863175533471503,"Incumbent","2013","1","by-group"
"2013 Q1","REPSOL",0.045234502087294,"Incumbent","2013","1","by-group"
"2013 Q2","EDP",0.0498857998398084,"Incumbent","2013","2","by-group"
"2013 Q2","ENDESA",0.0324150512232924,"Incumbent","2013","2","by-group"
"2013 Q2","IBERDROLA",0.0559196816934616,"Incumbent","2013","2","by-group"
"2013 Q2","NATURGY",0.0866048168781536,"Incumbent","2013","2","by-group"
"2013 Q2","REPSOL",0.0664522428349894,"Incumbent","2013","2","by-group"
"2013 Q3","EDP",0.0494531863118729,"Incumbent","2013","3","by-group"
"2013 Q3","ENDESA",0.0335635472980497,"Incumbent","2013","3","by-group"
"2013 Q3","IBERDROLA",0.0556895290067571,"Incumbent","2013","3","by-group"
"2013 Q3","NATURGY",0.0879680438563676,"Incumbent","2013","3","by-group"
"2013 Q3","REPSOL",0.0547491482058492,"Incumbent","2013","3","by-group"
"2013 Q4","EDP",0.04864524435985,"Incumbent","2013","4","by-group"
"2013 Q4","ENDESA",0.0347822661441182,"Incumbent","2013","4","by-group"
"2013 Q4","IBERDROLA",0.0564230368142381,"Incumbent","2013","4","by-group"
"2013 Q4","NATURGY",0.0888177672073317,"Incumbent","2013","4","by-group"
"2013 Q4","REPSOL",0.0572455103858958,"Incumbent","2013","4","by-group"
"2014 Q1","EDP",0.0483232381689032,"Incumbent","2014","1","by-group"
"2014 Q1","ENDESA",0.0373211583016174,"Incumbent","2014","1","by-group"
"2014 Q1","IBERDROLA",0.0586397817854725,"Incumbent","2014","1","by-group"
"2014 Q1","NATURGY",0.0912603878771444,"Incumbent","2014","1","by-group"
"2014 Q1","REPSOL",0.0747617139664678,"Incumbent","2014","1","by-group"
"2014 Q2","EDP",0.0480197607615664,"Incumbent","2014","2","by-group"
"2014 Q2","ENDESA",0.0394733799009267,"Incumbent","2014","2","by-group"
"2014 Q2","IBERDROLA",0.0601564269839523,"Incumbent","2014","2","by-group"
"2014 Q2","NATURGY",0.0927006239145037,"Incumbent","2014","2","by-group"
"2014 Q2","REPSOL",0.0997708354396253,"Incumbent","2014","2","by-group"
"2014 Q3","EDP",0.0474913051310119,"Incumbent","2014","3","by-group"
"2014 Q3","ENDESA",0.0408526973407669,"Incumbent","2014","3","by-group"
"2014 Q3","IBERDROLA",0.0608581330035566,"Incumbent","2014","3","by-group"
"2014 Q3","NATURGY",0.0927426600458432,"Incumbent","2014","3","by-group"
"2014 Q3","REPSOL",0.113914424388826,"Incumbent","2014","3","by-group"
"2014 Q4","EDP",0.0469766620494793,"Incumbent","2014","4","by-group"
"2014 Q4","ENDESA",0.042517087691294,"Incumbent","2014","4","by-group"
"2014 Q4","IBERDROLA",0.0624517551396127,"Incumbent","2014","4","by-group"
"2014 Q4","NATURGY",0.0940817484300751,"Incumbent","2014","4","by-group"
"2014 Q4","REPSOL",0.141866687176895,"Incumbent","2014","4","by-group"
"2015 Q1","EDP",0.0471634647197653,"Incumbent","2015","1","by-group"
"2015 Q1","ENDESA",0.0440820877146456,"Incumbent","2015","1","by-group"
"2015 Q1","IBERDROLA",0.0644077906742247,"Incumbent","2015","1","by-group"
"2015 Q1","NATURGY",0.0957835723314301,"Incumbent","2015","1","by-group"
"2015 Q1","REPSOL",0.172606618491106,"Incumbent","2015","1","by-group"
"2015 Q2","EDP",0.0475608584020979,"Incumbent","2015","2","by-group"
"2015 Q2","ENDESA",0.0451739020465712,"Incumbent","2015","2","by-group"
"2015 Q2","IBERDROLA",0.0658024168056791,"Incumbent","2015","2","by-group"
"2015 Q2","NATURGY",0.0973927016721219,"Incumbent","2015","2","by-group"
"2015 Q2","REPSOL",0.208096312871842,"Incumbent","2015","2","by-group"
"2015 Q3","EDP",0.0483420736370589,"Incumbent","2015","3","by-group"
"2015 Q3","ENDESA",0.0580739079292483,"Incumbent","2015","3","by-group"
"2015 Q3","IBERDROLA",0.0667512224932803,"Incumbent","2015","3","by-group"
"2015 Q3","NATURGY",0.0976898692275938,"Incumbent","2015","3","by-group"
"2015 Q3","REPSOL",0.243531619678215,"Incumbent","2015","3","by-group"
"2015 Q4","EDP",0.0504085130772849,"Incumbent","2015","4","by-group"
"2015 Q4","ENDESA",0.0768784211543004,"Incumbent","2015","4","by-group"
"2015 Q4","IBERDROLA",0.0716547724152663,"Incumbent","2015","4","by-group"
"2015 Q4","NATURGY",0.0986662282414353,"Incumbent","2015","4","by-group"
"2015 Q4","REPSOL",0.265632621713906,"Incumbent","2015","4","by-group"
"2016 Q1","EDP",0.0509036193224336,"Incumbent","2016","1","by-group"
"2016 Q1","ENDESA",0.091123650746984,"Incumbent","2016","1","by-group"
"2016 Q1","IBERDROLA",0.0783541165734053,"Incumbent","2016","1","by-group"
"2016 Q1","NATURGY",0.0993871285584396,"Incumbent","2016","1","by-group"
"2016 Q1","REPSOL",0.290450778953406,"Incumbent","2016","1","by-group"
"2016 Q2","EDP",0.052460990819795,"Incumbent","2016","2","by-group"
"2016 Q2","ENDESA",0.101268721228418,"Incumbent","2016","2","by-group"
"2016 Q2","IBERDROLA",0.082415020972447,"Incumbent","2016","2","by-group"
"2016 Q2","NATURGY",0.100046930542797,"Incumbent","2016","2","by-group"
"2016 Q2","REPSOL",0.31166742172428,"Incumbent","2016","2","by-group"
"2016 Q3","EDP",0.0530085577702847,"Incumbent","2016","3","by-group"
"2016 Q3","ENDESA",0.107886186768591,"Incumbent","2016","3","by-group"
"2016 Q3","IBERDROLA",0.0843763823720018,"Incumbent","2016","3","by-group"
"2016 Q3","NATURGY",0.101109602705759,"Incumbent","2016","3","by-group"
"2016 Q3","REPSOL",0.333511580158102,"Incumbent","2016","3","by-group"
"2016 Q4","EDP",0.0552715000173006,"Incumbent","2016","4","by-group"
"2016 Q4","ENDESA",0.114619978842854,"Incumbent","2016","4","by-group"
"2016 Q4","IBERDROLA",0.0944272056943935,"Incumbent","2016","4","by-group"
"2016 Q4","NATURGY",0.102443933470361,"Incumbent","2016","4","by-group"
"2016 Q4","REPSOL",0.349902077763849,"Incumbent","2016","4","by-group"
"2017 Q1","EDP",0.0562390390263486,"Incumbent","2017","1","by-group"
"2017 Q1","ENDESA",0.126956316776515,"Incumbent","2017","1","by-group"
"2017 Q1","IBERDROLA",0.112220161552926,"Incumbent","2017","1","by-group"
"2017 Q1","NATURGY",0.104695705269282,"Incumbent","2017","1","by-group"
"2017 Q1","REPSOL",0.369803394133559,"Incumbent","2017","1","by-group"
"2017 Q2","EDP",0.0568150937024265,"Incumbent","2017","2","by-group"
"2017 Q2","ENDESA",0.146270762469644,"Incumbent","2017","2","by-group"
"2017 Q2","IBERDROLA",0.124416928501323,"Incumbent","2017","2","by-group"
"2017 Q2","NATURGY",0.105933394453847,"Incumbent","2017","2","by-group"
"2017 Q2","REPSOL",0.381480567737258,"Incumbent","2017","2","by-group"
"2017 Q3","EDP",0.0577588717994473,"Incumbent","2017","3","by-group"
"2017 Q3","ENDESA",0.190323240200619,"Incumbent","2017","3","by-group"
"2017 Q3","IBERDROLA",0.134971582294895,"Incumbent","2017","3","by-group"
"2017 Q3","NATURGY",0.108138264705744,"Incumbent","2017","3","by-group"
"2017 Q3","REPSOL",0.396313849394418,"Incumbent","2017","3","by-group"
"2017 Q4","EDP",0.0612328684732838,"Incumbent","2017","4","by-group"
"2017 Q4","ENDESA",0.237996735134151,"Incumbent","2017","4","by-group"
"2017 Q4","IBERDROLA",0.15075476805856,"Incumbent","2017","4","by-group"
"2017 Q4","NATURGY",0.110669711972555,"Incumbent","2017","4","by-group"
"2017 Q4","REPSOL",0.412023109871501,"Incumbent","2017","4","by-group"
"2018 Q1","EDP",0.065302812295618,"Incumbent","2018","1","by-group"
"2018 Q1","ENDESA",0.29072704486458,"Incumbent","2018","1","by-group"
"2018 Q1","IBERDROLA",0.166887938925514,"Incumbent","2018","1","by-group"
"2018 Q1","NATURGY",0.114366763452523,"Incumbent","2018","1","by-group"
"2018 Q1","REPSOL",0.429211992833599,"Incumbent","2018","1","by-group"
"2018 Q2","EDP",0.0688817301819878,"Incumbent","2018","2","by-group"
"2018 Q2","ENDESA",0.347840029851729,"Incumbent","2018","2","by-group"
"2018 Q2","IBERDROLA",0.18769724459759,"Incumbent","2018","2","by-group"
"2018 Q2","NATURGY",0.135642448612373,"Incumbent","2018","2","by-group"
"2018 Q2","REPSOL",0.440352809298118,"Incumbent","2018","2","by-group"
"2018 Q3","EDP",0.0794492972995701,"Incumbent","2018","3","by-group"
"2018 Q3","ENDESA",0.39724648636419,"Incumbent","2018","3","by-group"
"2018 Q3","IBERDROLA",0.219056128111563,"Incumbent","2018","3","by-group"
"2018 Q3","NATURGY",0.137919429940527,"Incumbent","2018","3","by-group"
"2018 Q3","REPSOL",0.44760802242998,"Incumbent","2018","3","by-group"
"2018 Q4","EDP",0.11671932658968,"Incumbent","2018","4","by-group"
"2018 Q4","ENDESA",0.477839244268476,"Incumbent","2018","4","by-group"
"2018 Q4","IBERDROLA",0.252848632984316,"Incumbent","2018","4","by-group"
"2018 Q4","NATURGY",0.198816412291981,"Incumbent","2018","4","by-group"
"2018 Q4","REPSOL",0.453604514023128,"Incumbent","2018","4","by-group"
"2019 Q1","EDP",0.172101458996249,"Incumbent","2019","1","by-group"
"2019 Q1","ENDESA",0.539417530264323,"Incumbent","2019","1","by-group"
"2019 Q1","IBERDROLA",0.28181602979879,"Incumbent","2019","1","by-group"
"2019 Q1","NATURGY",0.280434846378138,"Incumbent","2019","1","by-group"
"2019 Q1","REPSOL",0.457349941366024,"Incumbent","2019","1","by-group"
"2019 Q2","EDP",0.220436790969715,"Incumbent","2019","2","by-group"
"2019 Q2","ENDESA",0.602958226896711,"Incumbent","2019","2","by-group"
"2019 Q2","IBERDROLA",0.301887718252206,"Incumbent","2019","2","by-group"
"2019 Q2","NATURGY",0.414348069734064,"Incumbent","2019","2","by-group"
"2019 Q2","REPSOL",0.462285150537155,"Incumbent","2019","2","by-group"
"2019 Q3","EDP",0.270222500885085,"Incumbent","2019","3","by-group"
"2019 Q3","ENDESA",0.61957333725615,"Incumbent","2019","3","by-group"
"2019 Q3","IBERDROLA",0.319886187496999,"Incumbent","2019","3","by-group"
"2019 Q3","NATURGY",0.422319301888623,"Incumbent","2019","3","by-group"
"2019 Q3","REPSOL",0.466105764421057,"Incumbent","2019","3","by-group"
"2019 Q4","EDP",0.314709638848882,"Incumbent","2019","4","by-group"
"2019 Q4","ENDESA",0.671161121899264,"Incumbent","2019","4","by-group"
"2019 Q4","IBERDROLA",0.342198429621116,"Incumbent","2019","4","by-group"
"2019 Q4","NATURGY",0.499669484871172,"Incumbent","2019","4","by-group"
"2019 Q4","REPSOL",0.474993439247431,"Incumbent","2019","4","by-group"
"2011 Q1","EDP",0.0124107751354066,"Non-incumbent","2011","1","by-group"
"2011 Q1","ENDESA",0.0275467591527613,"Non-incumbent","2011","1","by-group"
"2011 Q1","IBERDROLA",0.0608884041297494,"Non-incumbent","2011","1","by-group"
"2011 Q1","NATURGY",0.0440681980373275,"Non-incumbent","2011","1","by-group"
"2011 Q1","REPSOL",0.0565094672468541,"Non-incumbent","2011","1","by-group"
"2011 Q2","EDP",0.0133848939965414,"Non-incumbent","2011","2","by-group"
"2011 Q2","ENDESA",0.0291806293985072,"Non-incumbent","2011","2","by-group"
"2011 Q2","IBERDROLA",0.0633520801119929,"Non-incumbent","2011","2","by-group"
"2011 Q2","NATURGY",0.0414703894348256,"Non-incumbent","2011","2","by-group"
"2011 Q2","REPSOL",0.026643922831127,"Non-incumbent","2011","2","by-group"
"2011 Q3","EDP",0.0141925687150764,"Non-incumbent","2011","3","by-group"
"2011 Q3","ENDESA",0.0298208941213848,"Non-incumbent","2011","3","by-group"
"2011 Q3","IBERDROLA",0.0658091521785974,"Non-incumbent","2011","3","by-group"
"2011 Q3","NATURGY",0.0402888144531946,"Non-incumbent","2011","3","by-group"
"2011 Q3","REPSOL",0.0169317528538969,"Non-incumbent","2011","3","by-group"
"2011 Q4","EDP",0.014992730597933,"Non-incumbent","2011","4","by-group"
"2011 Q4","ENDESA",0.0296300834175677,"Non-incumbent","2011","4","by-group"
"2011 Q4","IBERDROLA",0.0680326192692198,"Non-incumbent","2011","4","by-group"
"2011 Q4","NATURGY",0.0390450997077213,"Non-incumbent","2011","4","by-group"
"2011 Q4","REPSOL",0.0159145824635976,"Non-incumbent","2011","4","by-group"
"2012 Q1","EDP",0.0161148069751033,"Non-incumbent","2012","1","by-group"
"2012 Q1","ENDESA",0.0286738562940739,"Non-incumbent","2012","1","by-group"
"2012 Q1","IBERDROLA",0.0713231643873811,"Non-incumbent","2012","1","by-group"
"2012 Q1","NATURGY",0.0415660416106165,"Non-incumbent","2012","1","by-group"
"2012 Q1","REPSOL",0.0160146196933325,"Non-incumbent","2012","1","by-group"
"2012 Q2","EDP",0.01695069661229,"Non-incumbent","2012","2","by-group"
"2012 Q2","ENDESA",0.0292255892255892,"Non-incumbent","2012","2","by-group"
"2012 Q2","IBERDROLA",0.0728958410801274,"Non-incumbent","2012","2","by-group"
"2012 Q2","NATURGY",0.0429914381341037,"Non-incumbent","2012","2","by-group"
"2012 Q2","REPSOL",0.0169036191856078,"Non-incumbent","2012","2","by-group"
"2012 Q3","EDP",0.0178544196140536,"Non-incumbent","2012","3","by-group"
"2012 Q3","ENDESA",0.0300162036624856,"Non-incumbent","2012","3","by-group"
"2012 Q3","IBERDROLA",0.0725473639848222,"Non-incumbent","2012","3","by-group"
"2012 Q3","NATURGY",0.0434874486248925,"Non-incumbent","2012","3","by-group"
"2012 Q3","REPSOL",0.0183580817192363,"Non-incumbent","2012","3","by-group"
"2012 Q4","EDP",0.0197317904071811,"Non-incumbent","2012","4","by-group"
"2012 Q4","ENDESA",0.0326298362867129,"Non-incumbent","2012","4","by-group"
"2012 Q4","IBERDROLA",0.0715617317625371,"Non-incumbent","2012","4","by-group"
"2012 Q4","NATURGY",0.0424108109485053,"Non-incumbent","2012","4","by-group"
"2012 Q4","REPSOL",0.01997078331564,"Non-incumbent","2012","4","by-group"
"2013 Q1","EDP",0.0224260001284591,"Non-incumbent","2013","1","by-group"
"2013 Q1","ENDESA",0.0364226948336771,"Non-incumbent","2013","1","by-group"
"2013 Q1","IBERDROLA",0.0701874332329805,"Non-incumbent","2013","1","by-group"
"2013 Q1","NATURGY",0.041215211651393,"Non-incumbent","2013","1","by-group"
"2013 Q1","REPSOL",0.0236820881296283,"Non-incumbent","2013","1","by-group"
"2013 Q2","EDP",0.0178148959474261,"Non-incumbent","2013","2","by-group"
"2013 Q2","ENDESA",0.0390900920879095,"Non-incumbent","2013","2","by-group"
"2013 Q2","IBERDROLA",0.0687046450210527,"Non-incumbent","2013","2","by-group"
"2013 Q2","NATURGY",0.0368493273311645,"Non-incumbent","2013","2","by-group"
"2013 Q2","REPSOL",0.0365325714466613,"Non-incumbent","2013","2","by-group"
"2013 Q3","EDP",0.0197916011489192,"Non-incumbent","2013","3","by-group"
"2013 Q3","ENDESA",0.0438178280458239,"Non-incumbent","2013","3","by-group"
"2013 Q3","IBERDROLA",0.0676580499818399,"Non-incumbent","2013","3","by-group"
"2013 Q3","NATURGY",0.0369925529016438,"Non-incumbent","2013","3","by-group"
"2013 Q3","REPSOL",0.0484165045122344,"Non-incumbent","2013","3","by-group"
"2013 Q4","EDP",0.0182581133021718,"Non-incumbent","2013","4","by-group"
"2013 Q4","ENDESA",0.0483057083445781,"Non-incumbent","2013","4","by-group"
"2013 Q4","IBERDROLA",0.0687431622117667,"Non-incumbent","2013","4","by-group"
"2013 Q4","NATURGY",0.0370317032087244,"Non-incumbent","2013","4","by-group"
"2013 Q4","REPSOL",0.0499017505584902,"Non-incumbent","2013","4","by-group"
"2014 Q1","EDP",0.0174617805507714,"Non-incumbent","2014","1","by-group"
"2014 Q1","ENDESA",0.0523029373146659,"Non-incumbent","2014","1","by-group"
"2014 Q1","IBERDROLA",0.071186778417969,"Non-incumbent","2014","1","by-group"
"2014 Q1","NATURGY",0.0380296264969288,"Non-incumbent","2014","1","by-group"
"2014 Q1","REPSOL",0.0846954684906704,"Non-incumbent","2014","1","by-group"
"2014 Q2","EDP",0.0170337127696578,"Non-incumbent","2014","2","by-group"
"2014 Q2","ENDESA",0.0565194550608544,"Non-incumbent","2014","2","by-group"
"2014 Q2","IBERDROLA",0.0719394390286214,"Non-incumbent","2014","2","by-group"
"2014 Q2","NATURGY",0.0395698595537867,"Non-incumbent","2014","2","by-group"
"2014 Q2","REPSOL",0.178346978975438,"Non-incumbent","2014","2","by-group"
"2014 Q3","EDP",0.0164371361823509,"Non-incumbent","2014","3","by-group"
"2014 Q3","ENDESA",0.0581881909433936,"Non-incumbent","2014","3","by-group"
"2014 Q3","IBERDROLA",0.0743158202839163,"Non-incumbent","2014","3","by-group"
"2014 Q3","NATURGY",0.0395566757691918,"Non-incumbent","2014","3","by-group"
"2014 Q3","REPSOL",0.244244631232385,"Non-incumbent","2014","3","by-group"
"2014 Q4","EDP",0.0163096018663942,"Non-incumbent","2014","4","by-group"
"2014 Q4","ENDESA",0.0600288759592977,"Non-incumbent","2014","4","by-group"
"2014 Q4","IBERDROLA",0.0781093915861221,"Non-incumbent","2014","4","by-group"
"2014 Q4","NATURGY",0.0398929718222989,"Non-incumbent","2014","4","by-group"
"2014 Q4","REPSOL",0.304887527833136,"Non-incumbent","2014","4","by-group"
"2015 Q1","EDP",0.018687272770058,"Non-incumbent","2015","1","by-group"
"2015 Q1","ENDESA",0.0601366549250944,"Non-incumbent","2015","1","by-group"
"2015 Q1","IBERDROLA",0.0814727350794332,"Non-incumbent","2015","1","by-group"
"2015 Q1","NATURGY",0.0413248328037576,"Non-incumbent","2015","1","by-group"
"2015 Q1","REPSOL",0.372948139428422,"Non-incumbent","2015","1","by-group"
"2015 Q2","EDP",0.0227120832814146,"Non-incumbent","2015","2","by-group"
"2015 Q2","ENDESA",0.0627845060014105,"Non-incumbent","2015","2","by-group"
"2015 Q2","IBERDROLA",0.0857633009091543,"Non-incumbent","2015","2","by-group"
"2015 Q2","NATURGY",0.0430415006835113,"Non-incumbent","2015","2","by-group"
"2015 Q2","REPSOL",0.440335338709594,"Non-incumbent","2015","2","by-group"
"2015 Q3","EDP",0.0254383872939641,"Non-incumbent","2015","3","by-group"
"2015 Q3","ENDESA",0.0670297073537876,"Non-incumbent","2015","3","by-group"
"2015 Q3","IBERDROLA",0.0869142472491454,"Non-incumbent","2015","3","by-group"
"2015 Q3","NATURGY",0.0437804535962515,"Non-incumbent","2015","3","by-group"
"2015 Q3","REPSOL",0.502177746380157,"Non-incumbent","2015","3","by-group"
"2015 Q4","EDP",0.0295961922471447,"Non-incumbent","2015","4","by-group"
"2015 Q4","ENDESA",0.0775635184501088,"Non-incumbent","2015","4","by-group"
"2015 Q4","IBERDROLA",0.0934572246729467,"Non-incumbent","2015","4","by-group"
"2015 Q4","NATURGY",0.0458592596519808,"Non-incumbent","2015","4","by-group"
"2015 Q4","REPSOL",0.530823029150115,"Non-incumbent","2015","4","by-group"
"2016 Q1","EDP",0.0333723757523711,"Non-incumbent","2016","1","by-group"
"2016 Q1","ENDESA",0.0851251382460165,"Non-incumbent","2016","1","by-group"
"2016 Q1","IBERDROLA",0.102596066160784,"Non-incumbent","2016","1","by-group"
"2016 Q1","NATURGY",0.0482631441800798,"Non-incumbent","2016","1","by-group"
"2016 Q1","REPSOL",0.552952170000692,"Non-incumbent","2016","1","by-group"
"2016 Q2","EDP",0.0377808239857223,"Non-incumbent","2016","2","by-group"
"2016 Q2","ENDESA",0.0913212742336073,"Non-incumbent","2016","2","by-group"
"2016 Q2","IBERDROLA",0.108880850789129,"Non-incumbent","2016","2","by-group"
"2016 Q2","NATURGY",0.0496740819192194,"Non-incumbent","2016","2","by-group"
"2016 Q2","REPSOL",0.567358914849866,"Non-incumbent","2016","2","by-group"
"2016 Q3","EDP",0.0417487060377047,"Non-incumbent","2016","3","by-group"
"2016 Q3","ENDESA",0.0984770782753204,"Non-incumbent","2016","3","by-group"
"2016 Q3","IBERDROLA",0.112898166098866,"Non-incumbent","2016","3","by-group"
"2016 Q3","NATURGY",0.051443809463251,"Non-incumbent","2016","3","by-group"
"2016 Q3","REPSOL",0.589929996158675,"Non-incumbent","2016","3","by-group"
"2016 Q4","EDP",0.0461317520827092,"Non-incumbent","2016","4","by-group"
"2016 Q4","ENDESA",0.107323810078455,"Non-incumbent","2016","4","by-group"
"2016 Q4","IBERDROLA",0.123487215222548,"Non-incumbent","2016","4","by-group"
"2016 Q4","NATURGY",0.054683480564404,"Non-incumbent","2016","4","by-group"
"2016 Q4","REPSOL",0.619699449486684,"Non-incumbent","2016","4","by-group"
"2017 Q1","EDP",0.0550090227728143,"Non-incumbent","2017","1","by-group"
"2017 Q1","ENDESA",0.119728648294322,"Non-incumbent","2017","1","by-group"
"2017 Q1","IBERDROLA",0.142102325541685,"Non-incumbent","2017","1","by-group"
"2017 Q1","NATURGY",0.0587017373666784,"Non-incumbent","2017","1","by-group"
"2017 Q1","REPSOL",0.648524142637775,"Non-incumbent","2017","1","by-group"
"2017 Q2","EDP",0.0620614725168182,"Non-incumbent","2017","2","by-group"
"2017 Q2","ENDESA",0.136539091295472,"Non-incumbent","2017","2","by-group"
"2017 Q2","IBERDROLA",0.158609512398639,"Non-incumbent","2017","2","by-group"
"2017 Q2","NATURGY",0.0620153221885946,"Non-incumbent","2017","2","by-group"
"2017 Q2","REPSOL",0.663006225743473,"Non-incumbent","2017","2","by-group"
"2017 Q3","EDP",0.0683897431711274,"Non-incumbent","2017","3","by-group"
"2017 Q3","ENDESA",0.188773845826537,"Non-incumbent","2017","3","by-group"
"2017 Q3","IBERDROLA",0.172235052054589,"Non-incumbent","2017","3","by-group"
"2017 Q3","NATURGY",0.0658592140915293,"Non-incumbent","2017","3","by-group"
"2017 Q3","REPSOL",0.674806783274655,"Non-incumbent","2017","3","by-group"
"2017 Q4","EDP",0.0846243791247902,"Non-incumbent","2017","4","by-group"
"2017 Q4","ENDESA",0.24874934175882,"Non-incumbent","2017","4","by-group"
"2017 Q4","IBERDROLA",0.191085204832319,"Non-incumbent","2017","4","by-group"
"2017 Q4","NATURGY",0.0713296061953626,"Non-incumbent","2017","4","by-group"
"2017 Q4","REPSOL",0.692001994027236,"Non-incumbent","2017","4","by-group"
"2018 Q1","EDP",0.112363708606176,"Non-incumbent","2018","1","by-group"
"2018 Q1","ENDESA",0.323965132734183,"Non-incumbent","2018","1","by-group"
"2018 Q1","IBERDROLA",0.211685393258427,"Non-incumbent","2018","1","by-group"
"2018 Q1","NATURGY",0.0800607455034617,"Non-incumbent","2018","1","by-group"
"2018 Q1","REPSOL",0.715843697790978,"Non-incumbent","2018","1","by-group"
"2018 Q2","EDP",0.139546899459314,"Non-incumbent","2018","2","by-group"
"2018 Q2","ENDESA",0.404672614063379,"Non-incumbent","2018","2","by-group"
"2018 Q2","IBERDROLA",0.236330574032119,"Non-incumbent","2018","2","by-group"
"2018 Q2","NATURGY",0.10341537288538,"Non-incumbent","2018","2","by-group"
"2018 Q2","REPSOL",0.737120362007463,"Non-incumbent","2018","2","by-group"
"2018 Q3","EDP",0.164841483347127,"Non-incumbent","2018","3","by-group"
"2018 Q3","ENDESA",0.450402546552745,"Non-incumbent","2018","3","by-group"
"2018 Q3","IBERDROLA",0.260581619022458,"Non-incumbent","2018","3","by-group"
"2018 Q3","NATURGY",0.109581962044287,"Non-incumbent","2018","3","by-group"
"2018 Q3","REPSOL",0.751696221879596,"Non-incumbent","2018","3","by-group"
"2018 Q4","EDP",0.225366187826172,"Non-incumbent","2018","4","by-group"
"2018 Q4","ENDESA",0.486190725323385,"Non-incumbent","2018","4","by-group"
"2018 Q4","IBERDROLA",0.286289424723801,"Non-incumbent","2018","4","by-group"
"2018 Q4","NATURGY",0.15385568908466,"Non-incumbent","2018","4","by-group"
"2018 Q4","REPSOL",0.765115249680317,"Non-incumbent","2018","4","by-group"
"2019 Q1","EDP",0.296835480321754,"Non-incumbent","2019","1","by-group"
"2019 Q1","ENDESA",0.558028764388823,"Non-incumbent","2019","1","by-group"
"2019 Q1","IBERDROLA",0.317638715007735,"Non-incumbent","2019","1","by-group"
"2019 Q1","NATURGY",0.239918191398588,"Non-incumbent","2019","1","by-group"
"2019 Q1","REPSOL",0.780017027801018,"Non-incumbent","2019","1","by-group"
"2019 Q2","EDP",0.363462417343187,"Non-incumbent","2019","2","by-group"
"2019 Q2","ENDESA",0.583001970233047,"Non-incumbent","2019","2","by-group"
"2019 Q2","IBERDROLA",0.341311589372139,"Non-incumbent","2019","2","by-group"
"2019 Q2","NATURGY",0.360776657734677,"Non-incumbent","2019","2","by-group"
"2019 Q2","REPSOL",0.789612664880854,"Non-incumbent","2019","2","by-group"
"2019 Q3","EDP",0.418356206965644,"Non-incumbent","2019","3","by-group"
"2019 Q3","ENDESA",0.598680117154304,"Non-incumbent","2019","3","by-group"
"2019 Q3","IBERDROLA",0.363597453999949,"Non-incumbent","2019","3","by-group"
"2019 Q3","NATURGY",0.395560343460751,"Non-incumbent","2019","3","by-group"
"2019 Q3","REPSOL",0.815983261939882,"Non-incumbent","2019","3","by-group"
"2019 Q4","EDP",0.480237925221399,"Non-incumbent","2019","4","by-group"
"2019 Q4","ENDESA",0.65636813233664,"Non-incumbent","2019","4","by-group"
"2019 Q4","IBERDROLA",0.394344477352137,"Non-incumbent","2019","4","by-group"
"2019 Q4","NATURGY",0.487751122241261,"Non-incumbent","2019","4","by-group"
"2019 Q4","REPSOL",0.843859100294062,"Non-incumbent","2019","4","by-group"
